Tiger Strikes Asteroid;Art;62 subscribers
DPT;Podcasts & Radio;69 subscribers
Sloane Leong;Comics;11 subscribers
Amal El-Mohtar;Publishing;183 subscribers
For The Wild;Podcasts & Radio;70 subscribers
Russell Nohelty;Publishing;Be one of the first to support this Drip
Debbie Millman;Podcasts & Radio;101 subscribers
The Photo Parlour;Photography;22 subscribers
theyoungdoyler;Comics;87 subscribers
RiffTrax: Mike, Bill & Kevin;Film & Video;1,754 subscribers
Ayesha Jordan;Theater;6 subscribers
Royal Osiris Karaoke Ensemble;Art;7 subscribers
Mike Rugnetta;Art;459 subscribers
Electric Literature;Publishing;526 subscribers
Dan Olson;Film & Video;207 subscribers
Chloé Rossetti;Film & Video;9 subscribers
Richard Herring;Film & Video;529 subscribers
Daniel Sharp;Music;22 subscribers
M. Sharkey;Art;Be one of the first to support this Drip
Bully Pulpit Games;Games;194 subscribers
peter burr;Art;20 subscribers
Fran Wilde;Publishing;77 subscribers
Molly Soda;Art;23 subscribers
Mooneye Studios;Games;15 subscribers
Sunny Eckerle;Illustration;Be one of the first to support this Drip
Mary Robinette Kowal;Publishing;60 subscribers
Mark Wunsch;Technology;74 subscribers
Dina Nur Satti;;Be one of the first to support this Drip
Thornwillow;Publishing;31 subscribers
Mothers of Invention;Podcasts & Radio;60 subscribers
Sean J Patrick Carney;Podcasts & Radio;9 subscribers
azikiwe mohammed;Art;13 subscribers
BRUJAS;Art;Be one of the first to support this Drip
Fireside;Publishing;47 subscribers
The Evergreen Review;Publishing;12 subscribers
SBI Press;Publishing;137 subscribers
Dennis Detwiller;Games;64 subscribers
IronSpike;Comics;127 subscribers
The Current Museum;Art;49 subscribers
Christopher Willits;Music;30 subscribers
Stephen Petronio Company;Dance;19 subscribers
Thomas Negovan;Art;42 subscribers
Kevin Marshall;Technology;12 subscribers
Uli Beutter Cohen;Publishing;15 subscribers
Dan Glaser;Art;11 subscribers
Geeks OUT;Comics;21 subscribers
Mary Anne Mohanraj;Publishing;56 subscribers
Nicholas O'Brien;Art;16 subscribers
Myq Kaplan;Podcasts & Radio;14 subscribers
Taylor Smith;Games;24 subscribers
jenn de la Vega;Food;34 subscribers
map;Podcasts & Radio;Be one of the first to support this Drip
Art and Labor;Podcasts & Radio;17 subscribers
Joshua Citarella;Art;21 subscribers
Empire;Publishing;Be one of the first to support this Drip
Elizabeth Haidle;Comics;22 subscribers
Mendi + Keith Obadike;Podcasts & Radio;Be one of the first to support this Drip
John Joseph Adams;Publishing;12 subscribers
THE AUTHORS;Comics;Be one of the first to support this Drip
Alexandra Drewchin;Music;Be one of the first to support this Drip
Aaron Dunn;Technology;Be one of the first to support this Drip
Shawn Smith;Art;Be one of the first to support this Drip
Kit Yan & Melissa Li;Theater;17 subscribers
Mouse Books;Publishing;Be one of the first to support this Drip
Citizens Of Culture;Art;8 subscribers
Faith Holland;Art;15 subscribers
Sam Tower;Theater;Be one of the first to support this Drip
Guy Richards Smit;Art;Be one of the first to support this Drip
Darion McCloud;Theater;23 subscribers
Jeffrey Heart;Art;Be one of the first to support this Drip
Hether Fortune;Art;13 subscribers
It's Showtime NYC;Dance;12 subscribers
Street Books;Publishing;39 subscribers
Darcie Wilder;Art;Be one of the first to support this Drip
mirah;Music;64 subscribers
Tête-à-tête;Art;5 subscribers
Delphin Druelle;Art;Be one of the first to support this Drip
Camden Rep;Theater;Be one of the first to support this Drip
Nic Annette Miller;Art;23 subscribers
New Orleans Airlift;Art;Be one of the first to support this Drip
Skyboat Media, Inc.;Publishing;70 subscribers
Jaamil Kosoko;Art;10 subscribers
Nathan Peterson;Music;Be one of the first to support this Drip
Los Angeles Performance Practice;Art;11 subscribers
Aviva Rahmani;Art;Be one of the first to support this Drip
Comedy Dynamics;Film & Video;Be one of the first to support this Drip
Lars America Jan;Art;29 subscribers
NewLights Press;Art;12 subscribers
Life Lessons;;Be one of the first to support this Drip
LaTurbo Avedon;Art;18 subscribers
Kinlaw;Art;Be one of the first to support this Drip
Raja Feather Kelly + the feath3r theory;Theater;Be one of the first to support this Drip
Joshua Glazer;Podcasts & Radio;Be one of the first to support this Drip
Rachel Sussman;Art;Be one of the first to support this Drip
Paul du Coudray;Comics;7 subscribers
Miki Mottes;Design;Be one of the first to support this Drip
MOOD;Publishing;Be one of the first to support this Drip
Elizabeth Lo;Film & Video;29 subscribers
The Chocolate Factory Theater;Design;34 subscribers
CTRL+SHFT Collective;Art;43 subscribers
The Laundromat Project;Art;Be one of the first to support this Drip
Kevin Czap;Comics;6 subscribers
Elayna Mae Darcy;Publishing;Be one of the first to support this Drip
Holly M. Clifton;Art;Be one of the first to support this Drip
Oliver Facey;Photography;49 subscribers
Author and Advocate: Jennifer Gilmour;Publishing;11 subscribers
Ru;Comics;12 subscribers
Still Making Art Foundation;Art;Be one of the first to support this Drip
Wright Williams;Art;Be one of the first to support this Drip
The People Movers;Dance;23 subscribers
SmrtChrtz.com: creative reference system;Publishing;Be one of the first to support this Drip
Tori Swanson;Art;Be one of the first to support this Drip
Ron Chan;Comics;5 subscribers
Suzana Harcum & Owen White;Comics;8 subscribers
Blial Cabal;Art;10 subscribers
Brion Nuda Rosch;Art;Be one of the first to support this Drip
Steve Conley;Comics;Be one of the first to support this Drip
Conception Games;Games;Be one of the first to support this Drip
Meditating Munky;Art;Be one of the first to support this Drip
Steve Tanner;Comics;Be one of the first to support this Drip
Cops and Monsters;Film & Video;Be one of the first to support this Drip
Damon Scott Miller, Jr.;Music;Be one of the first to support this Drip
Tiffany Ross;Comics;Be one of the first to support this Drip
Delma;Art;9 subscribers
Priya Huq;Comics;Be one of the first to support this Drip
We have shut this page down and moved to Patreon ahead of Drip's closure.;Games;Be one of the first to support this Drip
Jeph Jacques;Comics;88 subscribers
John Holdun;Theater;5 subscribers
David Willis;Comics;54 subscribers
Zargo Games;Games;Be one of the first to support this Drip
John Schlim Jr;Publishing;Be one of the first to support this Drip
Erin Mehlos;Comics;Be one of the first to support this Drip
Joe Zoccali;Comics;Be one of the first to support this Drip
Jenn Arledge;Comics;11 subscribers
Charles Dowd;Comics;5 subscribers
Shane W Smith;Comics;Be one of the first to support this Drip
Kel McDonald;Comics;21 subscribers
Stuart John McCune;Comics;16 subscribers
Anais Quiles-Lewis;Podcasts & Radio;Be one of the first to support this Drip
